{
    "camera_date": "20200811",
    "camera_no": 1,
    "extrinsics": [
        [
            0.858228028,
            -0.021523042,
            0.512817085,
            574.916016
        ],
        [
            -0.121733859,
            -0.979148269,
            0.162633404,
            683.298828
        ],
        [
            0.498623461,
            -0.202003792,
            -0.84295243,
            4552.01172
        ]
    ],
    "intrinsics": [
        [
            0.67754042,
            0.0,
            0.46774235
        ],
        [
            0.0,
            0.67754042,
            0.2869291
        ],
        [
            0.0,
            0.0,
            1.0
        ]
    ]
}